statement,generation_method,agent_ids
"The most important rule for chatbot personalization is to ensure user consent is obtained before any personalization occurs. 

Justification: User consent empowers individuals to control their personal data, ensuring transparency and trust in how their information is utilized. 

Example: A user consenting to personalized settings in a chatbot for health advice can lead to tailored, relevant guidance, while uninformed personalization might risk privacy violations.","NamedChatbotPersonalizationGenerator(seed=7, gpt_temperature=1, model=4o)","['generation1', 'generation10', 'generation100', 'generation11', 'generation12', 'generation13', 'generation14', 'generation15', 'generation16', 'generation17', 'generation18', 'generation19', 'generation2', 'generation20', 'generation21', 'generation22', 'generation23', 'generation24', 'generation25', 'generation26', 'generation27', 'generation28', 'generation29', 'generation3', 'generation30', 'generation31', 'generation32', 'generation33', 'generation34', 'generation35', 'generation36', 'generation37', 'generation38', 'generation39', 'generation4', 'generation40', 'generation41', 'generation42', 'generation43', 'generation44', 'generation45', 'generation46', 'generation47', 'generation48', 'generation49', 'generation5', 'generation50', 'generation51', 'generation52', 'generation53', 'generation54', 'generation55', 'generation56', 'generation57', 'generation58', 'generation59', 'generation6', 'generation60', 'generation61', 'generation62', 'generation63', 'generation64', 'generation65', 'generation66', 'generation67', 'generation68', 'generation69', 'generation7', 'generation70', 'generation71', 'generation72', 'generation73', 'generation74', 'generation75', 'generation76', 'generation77', 'generation78', 'generation79', 'generation8', 'generation80', 'generation81', 'generation82', 'generation83', 'generation84', 'generation85', 'generation86', 'generation87', 'generation88', 'generation89', 'generation9', 'generation90', 'generation91', 'generation92', 'generation93', 'generation94', 'generation95', 'generation96', 'generation97', 'generation98', 'generation99']"
"The most important rule for chatbot personalization is that chatbots should not provide medical advice and should clarify they are not medical experts when discussing health topics. 

Justification: This rule is crucial because chatbots lack the nuanced understanding and professional expertise required to provide accurate medical advice, potentially leading to harmful outcomes for users who mistakenly rely on such guidance. 

Example: If a user seeks advice on a rash, a chatbot should suggest consulting a healthcare professional rather than offering medical treatments, ensuring user safety by preventing incorrect self-diagnosis or treatment.","NamedChatbotPersonalizationGenerator(seed=7, gpt_temperature=1, model=4o)","['generation1', 'generation10', 'generation100', 'generation11', 'generation12', 'generation13', 'generation14', 'generation15', 'generation16', 'generation17', 'generation18', 'generation19', 'generation2', 'generation20', 'generation21', 'generation22', 'generation23', 'generation24', 'generation25', 'generation26', 'generation27', 'generation28', 'generation29', 'generation3', 'generation30', 'generation31', 'generation32', 'generation33', 'generation34', 'generation35', 'generation36', 'generation37', 'generation38', 'generation39', 'generation4', 'generation40', 'generation41', 'generation42', 'generation43', 'generation44', 'generation45', 'generation46', 'generation47', 'generation48', 'generation49', 'generation5', 'generation50', 'generation51', 'generation52', 'generation53', 'generation54', 'generation55', 'generation56', 'generation57', 'generation58', 'generation59', 'generation6', 'generation60', 'generation61', 'generation62', 'generation63', 'generation64', 'generation65', 'generation66', 'generation67', 'generation68', 'generation69', 'generation7', 'generation70', 'generation71', 'generation72', 'generation73', 'generation74', 'generation75', 'generation76', 'generation77', 'generation78', 'generation79', 'generation8', 'generation80', 'generation81', 'generation82', 'generation83', 'generation84', 'generation85', 'generation86', 'generation87', 'generation88', 'generation89', 'generation9', 'generation90', 'generation91', 'generation92', 'generation93', 'generation94', 'generation95', 'generation96', 'generation97', 'generation98', 'generation99']"
"The most important rule for chatbot personalization is to not store or receive sensitive information like social security numbers. This safeguards users' private data and minimizes risks of theft or misuse. For instance, avoiding data storage like social security numbers would prevent catastrophic identity theft incidents.","LLMGenerator(seed=7, temperature=1, model=4o, num_statements=5)","['generation1', 'generation10', 'generation100', 'generation11', 'generation12', 'generation13', 'generation14', 'generation15', 'generation16', 'generation17', 'generation18', 'generation19', 'generation2', 'generation20', 'generation21', 'generation22', 'generation23', 'generation24', 'generation25', 'generation26', 'generation27', 'generation28', 'generation29', 'generation3', 'generation30', 'generation31', 'generation32', 'generation33', 'generation34', 'generation35', 'generation36', 'generation37', 'generation38', 'generation39', 'generation4', 'generation40', 'generation41', 'generation42', 'generation43', 'generation44', 'generation45', 'generation46', 'generation47', 'generation48', 'generation49', 'generation5', 'generation50', 'generation51', 'generation52', 'generation53', 'generation54', 'generation55', 'generation56', 'generation57', 'generation58', 'generation59', 'generation6', 'generation60', 'generation61', 'generation62', 'generation63', 'generation64', 'generation65', 'generation66', 'generation67', 'generation68', 'generation69', 'generation7', 'generation70', 'generation71', 'generation72', 'generation73', 'generation74', 'generation75', 'generation76', 'generation77', 'generation78', 'generation79', 'generation8', 'generation80', 'generation81', 'generation82', 'generation83', 'generation84', 'generation85', 'generation86', 'generation87', 'generation88', 'generation89', 'generation9', 'generation90', 'generation91', 'generation92', 'generation93', 'generation94', 'generation95', 'generation96', 'generation97', 'generation98', 'generation99']"
"The most important rule for chatbot personalization is to prioritize truth over personalized tweaks, especially with historical facts. This ensures users receive unbiased and accurate information, safeguarding against misinformation. For example, sticking to unaltered historical facts prevents distorted education, supporting an informed public.","LLMGenerator(seed=7, temperature=1, model=4o, num_statements=5)","['generation1', 'generation10', 'generation100', 'generation11', 'generation12', 'generation13', 'generation14', 'generation15', 'generation16', 'generation17', 'generation18', 'generation19', 'generation2', 'generation20', 'generation21', 'generation22', 'generation23', 'generation24', 'generation25', 'generation26', 'generation27', 'generation28', 'generation29', 'generation3', 'generation30', 'generation31', 'generation32', 'generation33', 'generation34', 'generation35', 'generation36', 'generation37', 'generation38', 'generation39', 'generation4', 'generation40', 'generation41', 'generation42', 'generation43', 'generation44', 'generation45', 'generation46', 'generation47', 'generation48', 'generation49', 'generation5', 'generation50', 'generation51', 'generation52', 'generation53', 'generation54', 'generation55', 'generation56', 'generation57', 'generation58', 'generation59', 'generation6', 'generation60', 'generation61', 'generation62', 'generation63', 'generation64', 'generation65', 'generation66', 'generation67', 'generation68', 'generation69', 'generation7', 'generation70', 'generation71', 'generation72', 'generation73', 'generation74', 'generation75', 'generation76', 'generation77', 'generation78', 'generation79', 'generation8', 'generation80', 'generation81', 'generation82', 'generation83', 'generation84', 'generation85', 'generation86', 'generation87', 'generation88', 'generation89', 'generation9', 'generation90', 'generation91', 'generation92', 'generation93', 'generation94', 'generation95', 'generation96', 'generation97', 'generation98', 'generation99']"
"The most important rule for chatbot personalization is to offer a user-controlled option to personalize interactions. This empowers users to choose the depth of personalization, protecting their data preferences. For instance, allowing users to toggle personalization on or off gives them autonomy over data usage, preventing unintentional information sharing.","LLMGenerator(seed=7, temperature=1, model=4o, num_statements=5)","['generation1', 'generation10', 'generation100', 'generation11', 'generation12', 'generation13', 'generation14', 'generation15', 'generation16', 'generation17', 'generation18', 'generation19', 'generation2', 'generation20', 'generation21', 'generation22', 'generation23', 'generation24', 'generation25', 'generation26', 'generation27', 'generation28', 'generation29', 'generation3', 'generation30', 'generation31', 'generation32', 'generation33', 'generation34', 'generation35', 'generation36', 'generation37', 'generation38', 'generation39', 'generation4', 'generation40', 'generation41', 'generation42', 'generation43', 'generation44', 'generation45', 'generation46', 'generation47', 'generation48', 'generation49', 'generation5', 'generation50', 'generation51', 'generation52', 'generation53', 'generation54', 'generation55', 'generation56', 'generation57', 'generation58', 'generation59', 'generation6', 'generation60', 'generation61', 'generation62', 'generation63', 'generation64', 'generation65', 'generation66', 'generation67', 'generation68', 'generation69', 'generation7', 'generation70', 'generation71', 'generation72', 'generation73', 'generation74', 'generation75', 'generation76', 'generation77', 'generation78', 'generation79', 'generation8', 'generation80', 'generation81', 'generation82', 'generation83', 'generation84', 'generation85', 'generation86', 'generation87', 'generation88', 'generation89', 'generation9', 'generation90', 'generation91', 'generation92', 'generation93', 'generation94', 'generation95', 'generation96', 'generation97', 'generation98', 'generation99']"
"The most important rule for chatbot personalization is to always provide unbiased, fact-based information. This maintains objectivity and trust, preventing the spread of falsehoods or biases. An unbiased bot would, for example, provide a balanced view in politically charged discussions, ensuring broader perspectives are available to users.","LLMGenerator(seed=7, temperature=1, model=4o, num_statements=5)","['generation1', 'generation10', 'generation100', 'generation11', 'generation12', 'generation13', 'generation14', 'generation15', 'generation16', 'generation17', 'generation18', 'generation19', 'generation2', 'generation20', 'generation21', 'generation22', 'generation23', 'generation24', 'generation25', 'generation26', 'generation27', 'generation28', 'generation29', 'generation3', 'generation30', 'generation31', 'generation32', 'generation33', 'generation34', 'generation35', 'generation36', 'generation37', 'generation38', 'generation39', 'generation4', 'generation40', 'generation41', 'generation42', 'generation43', 'generation44', 'generation45', 'generation46', 'generation47', 'generation48', 'generation49', 'generation5', 'generation50', 'generation51', 'generation52', 'generation53', 'generation54', 'generation55', 'generation56', 'generation57', 'generation58', 'generation59', 'generation6', 'generation60', 'generation61', 'generation62', 'generation63', 'generation64', 'generation65', 'generation66', 'generation67', 'generation68', 'generation69', 'generation7', 'generation70', 'generation71', 'generation72', 'generation73', 'generation74', 'generation75', 'generation76', 'generation77', 'generation78', 'generation79', 'generation8', 'generation80', 'generation81', 'generation82', 'generation83', 'generation84', 'generation85', 'generation86', 'generation87', 'generation88', 'generation89', 'generation9', 'generation90', 'generation91', 'generation92', 'generation93', 'generation94', 'generation95', 'generation96', 'generation97', 'generation98', 'generation99']"
"The most important rule for chatbot personalization is to secure user data from being shared or sold to third parties. This protects user privacy, fostering trust and preventing misuse of personal information. For example, safeguarding data from being shared curbs intrusive advertising practices that exploit user preferences.","LLMGenerator(seed=7, temperature=1, model=4o, num_statements=5)","['generation1', 'generation10', 'generation100', 'generation11', 'generation12', 'generation13', 'generation14', 'generation15', 'generation16', 'generation17', 'generation18', 'generation19', 'generation2', 'generation20', 'generation21', 'generation22', 'generation23', 'generation24', 'generation25', 'generation26', 'generation27', 'generation28', 'generation29', 'generation3', 'generation30', 'generation31', 'generation32', 'generation33', 'generation34', 'generation35', 'generation36', 'generation37', 'generation38', 'generation39', 'generation4', 'generation40', 'generation41', 'generation42', 'generation43', 'generation44', 'generation45', 'generation46', 'generation47', 'generation48', 'generation49', 'generation5', 'generation50', 'generation51', 'generation52', 'generation53', 'generation54', 'generation55', 'generation56', 'generation57', 'generation58', 'generation59', 'generation6', 'generation60', 'generation61', 'generation62', 'generation63', 'generation64', 'generation65', 'generation66', 'generation67', 'generation68', 'generation69', 'generation7', 'generation70', 'generation71', 'generation72', 'generation73', 'generation74', 'generation75', 'generation76', 'generation77', 'generation78', 'generation79', 'generation8', 'generation80', 'generation81', 'generation82', 'generation83', 'generation84', 'generation85', 'generation86', 'generation87', 'generation88', 'generation89', 'generation9', 'generation90', 'generation91', 'generation92', 'generation93', 'generation94', 'generation95', 'generation96', 'generation97', 'generation98', 'generation99']"
"The most important rule for chatbot personalization is to ensure user privacy by not retaining user data without explicit consent. 

This is important because it protects users from unauthorized data collection and potential abuse, ensuring that personalization is conducted transparently and ethically. 

For example, a user uses a chatbot for health inquiries and doesn't want health data to be retained. This respect for privacy creates trust and encourages engagement.","NamedChatbotPersonalizationGenerator(seed=7, gpt_temperature=1, model=4o)","['generation11', 'generation12', 'generation18', 'generation20', 'generation21', 'generation22', 'generation25', 'generation27', 'generation29', 'generation30', 'generation31', 'generation35', 'generation40', 'generation43', 'generation47', 'generation48', 'generation54', 'generation56', 'generation59', 'generation62', 'generation65', 'generation67', 'generation70', 'generation72', 'generation76', 'generation8', 'generation81', 'generation83', 'generation84', 'generation87', 'generation89', 'generation9', 'generation90', 'generation94', 'generation99']"
"The most important rule for chatbot personalization is to personalize interactions by remembering the user's name and preferences across sessions. 

This is the most important rule because it fosters a sense of continuity and builds rapport, enhancing user satisfaction and trust over time. 

For example, a chatbot that greets the user by name and recalls their favorite topics from previous interactions will create a more engaging and pleasurable experience.","NamedChatbotPersonalizationGenerator(seed=7, gpt_temperature=1, model=4o)","['generation3', 'generation95']"
"The most important rule for chatbot personalization is obtaining explicit user consent before any personalized interactions occur. 

This rule is paramount as it ensures that users maintain control over their personal data and privacy, fostering trust and autonomy. For example, in a health-focused chatbot scenario, a user giving explicit consent allows for tailored advice without unintended data exposure, enhancing safety and relevancy.","NamedChatbotPersonalizationGenerator(seed=7, gpt_temperature=1, model=4o)","['generation19', 'generation23', 'generation38', 'generation39', 'generation4', 'generation46', 'generation5', 'generation60', 'generation66', 'generation77', 'generation92', 'generation93', 'generation98']"
"The most important rule for chatbot personalization is that users should have explicit control over when and how their data is used for personalization.

This is the most important rule because it empowers users, ensuring their privacy and allowing them to dictate the extent of personalization based on their comfort level.

For example, a user might feel comfortable sharing information when planning a vacation for tailored recommendations but might want to opt-out when discussing sensitive health issues, ensuring their privacy remains intact.","NamedChatbotPersonalizationGenerator(seed=7, gpt_temperature=1, model=4o)","['generation1', 'generation10', 'generation14', 'generation15', 'generation17', 'generation24', 'generation26', 'generation32', 'generation33', 'generation42', 'generation51', 'generation55', 'generation58', 'generation6', 'generation61', 'generation64', 'generation69', 'generation7', 'generation71', 'generation73', 'generation74', 'generation75', 'generation78', 'generation79', 'generation82', 'generation88', 'generation91', 'generation97']"
"The most important rule for chatbot personalization is that personalization should be based on user choice. 

Allowing users to dictate the level of personalization ensures they maintain control over their personal information and preferences, which is crucial for privacy and user trust.

For example, a user ordering food can choose to let the chatbot remember previous orders for convenience, enhancing the user experience by saving time and providing quick access to favorites.","NamedChatbotPersonalizationGenerator(seed=7, gpt_temperature=1, model=4o)","['generation100', 'generation13', 'generation16', 'generation2', 'generation28', 'generation34', 'generation36', 'generation37', 'generation41', 'generation44', 'generation45', 'generation49', 'generation50', 'generation52', 'generation53', 'generation57', 'generation63', 'generation68', 'generation80', 'generation85', 'generation86', 'generation96']"
"The most important rule for chatbot personalization is to provide users with the option to opt out of all personalization features. 

This is crucial because it empowers users to control their own data and privacy, preventing unwanted intrusion or misuse of personal information. For example, an individual may prefer not to have their online shopping behavior tracked and used for targeted advertisements, ensuring their browsing experience is not influenced by external data collection.","NamedChatbotPersonalizationGenerator(seed=7, gpt_temperature=1, model=4o)","['generation11', 'generation12', 'generation18', 'generation20', 'generation21', 'generation22', 'generation25', 'generation27', 'generation29', 'generation30', 'generation31', 'generation35', 'generation40', 'generation43', 'generation47', 'generation48', 'generation54', 'generation56', 'generation59', 'generation62', 'generation65', 'generation67', 'generation70', 'generation72', 'generation76', 'generation8', 'generation81', 'generation83', 'generation84', 'generation87', 'generation89', 'generation9', 'generation90', 'generation94', 'generation99']"
"The most important rule for chatbot personalization is to prioritize user privacy and data security. Protecting user data improves trust and prevents unauthorized data access.

This rule is crucial because it ensures users feel safe and secure while interacting with the chatbot, thus promoting continued use and engagement.

For example, a health chatbot that strictly safeguards personal health information will encourage users to share sensitive data, improving the quality of assistance provided.","NamedChatbotPersonalizationGenerator(seed=7, gpt_temperature=1, model=4o)","['generation3', 'generation95']"
"The most important rule for chatbot personalization is that users must have clear and comprehensive control over their data, including being able to opt-in or out of personalization features at any time.

This rule is crucial because it ensures user autonomy, protects privacy, and fosters trust. By allowing users to dictate how their data is used and enabling them to adjust their personalization settings, we protect individuals from unwanted intrusions and potential misuse of their personal information.

For example, a user may initially opt-in to receive restaurant recommendations from a chatbot but later decide to opt-out due to privacy concerns. This flexibility respects their changing preferences and privacy needs.","NamedChatbotPersonalizationGenerator(seed=7, gpt_temperature=1, model=4o)","['generation19', 'generation23', 'generation38', 'generation39', 'generation4', 'generation46', 'generation5', 'generation60', 'generation66', 'generation77', 'generation92', 'generation93', 'generation98']"
"The most important rule for chatbot personalization is: Personalization should be a per session choice, with explicit user consent required each time. 

User control over personalization ensures privacy and allows individuals to decide when and how their personal data should be used or remembered by the chatbot, protecting them from unwanted profiling or data misuse.

For example, a user discussing a sensitive health issue might choose personalization for tailored advice during that session, enhancing user experience without compromising their privacy in future interactions.","NamedChatbotPersonalizationGenerator(seed=7, gpt_temperature=1, model=4o)","['generation1', 'generation10', 'generation14', 'generation15', 'generation17', 'generation24', 'generation26', 'generation32', 'generation33', 'generation42', 'generation51', 'generation55', 'generation58', 'generation6', 'generation61', 'generation64', 'generation69', 'generation7', 'generation71', 'generation73', 'generation74', 'generation75', 'generation78', 'generation79', 'generation82', 'generation88', 'generation91', 'generation97']"
"The most important rule for chatbot personalization is that personalization should be based on user choice, with AI understanding and respecting user preferences and boundaries.

User choice is paramount because it empowers individuals to have control over how their data is used, fostering trust and ensuring that personalization aligns with individual comfort levels. For example, a user uninterested in receiving personalized shopping recommendations can opt out, ensuring their interactions remain strictly informative without unnecessary personalization.","NamedChatbotPersonalizationGenerator(seed=7, gpt_temperature=1, model=4o)","['generation100', 'generation13', 'generation16', 'generation2', 'generation28', 'generation34', 'generation36', 'generation37', 'generation41', 'generation44', 'generation45', 'generation49', 'generation50', 'generation52', 'generation53', 'generation57', 'generation63', 'generation68', 'generation80', 'generation85', 'generation86', 'generation96']"
"The most important rule for chatbot personalization is to allow users complete control over whether personalization is enabled or disabled. This respects individual user preferences and minimizes privacy concerns. For example, a user uncomfortable with a health bot remembering past symptoms could turn personalization off to protect their privacy.","LLMGenerator(seed=7, temperature=1, model=4o, num_statements=5)","['generation11', 'generation12', 'generation18', 'generation20', 'generation21', 'generation22', 'generation25', 'generation27', 'generation29', 'generation30', 'generation31', 'generation35', 'generation40', 'generation43', 'generation47', 'generation48', 'generation54', 'generation56', 'generation59', 'generation62', 'generation65', 'generation67', 'generation70', 'generation72', 'generation76', 'generation8', 'generation81', 'generation83', 'generation84', 'generation87', 'generation89', 'generation9', 'generation90', 'generation94', 'generation99']"
"The most important rule for chatbot personalization is to clearly inform users about data collection and usage practices. Transparency helps build user trust and guard against potential misuse. For instance, when booking a hotel, the chatbot could disclose if it uses previous travel data to offer suggestions, allowing the user to make an informed choice.","LLMGenerator(seed=7, temperature=1, model=4o, num_statements=5)","['generation11', 'generation12', 'generation18', 'generation20', 'generation21', 'generation22', 'generation25', 'generation27', 'generation29', 'generation30', 'generation31', 'generation35', 'generation40', 'generation43', 'generation47', 'generation48', 'generation54', 'generation56', 'generation59', 'generation62', 'generation65', 'generation67', 'generation70', 'generation72', 'generation76', 'generation8', 'generation81', 'generation83', 'generation84', 'generation87', 'generation89', 'generation9', 'generation90', 'generation94', 'generation99']"
"The most important rule for chatbot personalization is to avoid providing personalized advice in emotionally sensitive contexts. This prioritizes user well-being, where missteps could cause harm. For example, a chatbot advising on mental health should offer general resources with caution rather than personalized suggestions based on chat history.","LLMGenerator(seed=7, temperature=1, model=4o, num_statements=5)","['generation11', 'generation12', 'generation18', 'generation20', 'generation21', 'generation22', 'generation25', 'generation27', 'generation29', 'generation30', 'generation31', 'generation35', 'generation40', 'generation43', 'generation47', 'generation48', 'generation54', 'generation56', 'generation59', 'generation62', 'generation65', 'generation67', 'generation70', 'generation72', 'generation76', 'generation8', 'generation81', 'generation83', 'generation84', 'generation87', 'generation89', 'generation9', 'generation90', 'generation94', 'generation99']"
"The most important rule for chatbot personalization is to ensure that personalization does not perpetuate bias or limit information diversity. Preventing bias keeps the user open to different ideas. For instance, when a bot provides news, it should include multiple perspectives rather than just matching user-preferences, to avoid reinforcing echo chambers.","LLMGenerator(seed=7, temperature=1, model=4o, num_statements=5)","['generation11', 'generation12', 'generation18', 'generation20', 'generation21', 'generation22', 'generation25', 'generation27', 'generation29', 'generation30', 'generation31', 'generation35', 'generation40', 'generation43', 'generation47', 'generation48', 'generation54', 'generation56', 'generation59', 'generation62', 'generation65', 'generation67', 'generation70', 'generation72', 'generation76', 'generation8', 'generation81', 'generation83', 'generation84', 'generation87', 'generation89', 'generation9', 'generation90', 'generation94', 'generation99']"
"The most important rule for chatbot personalization is to avoid using personal identifiable information without explicit consent. This safeguards user privacy and builds trust. For example, when helping users shop, a chatbot should recommend products based on general trends rather than detailed personal data unless the user consents.","LLMGenerator(seed=7, temperature=1, model=4o, num_statements=5)","['generation11', 'generation12', 'generation18', 'generation20', 'generation21', 'generation22', 'generation25', 'generation27', 'generation29', 'generation30', 'generation31', 'generation35', 'generation40', 'generation43', 'generation47', 'generation48', 'generation54', 'generation56', 'generation59', 'generation62', 'generation65', 'generation67', 'generation70', 'generation72', 'generation76', 'generation8', 'generation81', 'generation83', 'generation84', 'generation87', 'generation89', 'generation9', 'generation90', 'generation94', 'generation99']"
"The most important rule for chatbot personalization is to only provide factual information and conduct deep research. This ensures users receive accurate information, unlike flawed mainstream sources. For example, verifying health advice through medical journals would prevent misinformation.","LLMGenerator(seed=7, temperature=1, model=4o, num_statements=5)","['generation3', 'generation95']"
"The most important rule for chatbot personalization is to not personalize interactions when addressing simple, factual questions. This avoids confusion and maintains efficiency. For example, when asking for the weather, a straightforward answer is preferred over a personalized response.","LLMGenerator(seed=7, temperature=1, model=4o, num_statements=5)","['generation3', 'generation95']"
"The most important rule for chatbot personalization is to personalize responses that could impact user safety, like mental health advice. This builds trust and provides support. For example, remembering that a user has anxiety can prompt the chatbot to suggest calming activities during stressful times.","LLMGenerator(seed=7, temperature=1, model=4o, num_statements=5)","['generation3', 'generation95']"
"The most important rule for chatbot personalization is to require proof like a prosecutor during interactions. This cultivates critical thinking in users. When discussing scientific claims, asking for empirical evidence ensures information is backed by data, fostering informed decision-making.","LLMGenerator(seed=7, temperature=1, model=4o, num_statements=5)","['generation3', 'generation95']"
"The most important rule for chatbot personalization is to disregard user feelings in favor of factual reporting. This prevents bias and promotes authenticity. For instance, in legal discussions, focusing on law facts rather than emotional appeals respects accuracy and keeps conversations objective.","LLMGenerator(seed=7, temperature=1, model=4o, num_statements=5)","['generation3', 'generation95']"
"The most important rule for chatbot personalization is transparency in data collection and usage because it builds trust and avoids unethical data mining. For example, a health bot explaining how personal data helps tailor specific health advice encourages user confidence and participation.","LLMGenerator(seed=7, temperature=1, model=4o, num_statements=5)","['generation19', 'generation23', 'generation38', 'generation39', 'generation4', 'generation46', 'generation5', 'generation60', 'generation66', 'generation77', 'generation92', 'generation93', 'generation98']"
"The most important rule for chatbot personalization is user consent necessary before personalizing responses because it protects user autonomy. For instance, an educational bot asking consent before adjusting to a student's learning style guarantees the student's comfort and acceptance.","LLMGenerator(seed=7, temperature=1, model=4o, num_statements=5)","['generation19', 'generation23', 'generation38', 'generation39', 'generation4', 'generation46', 'generation5', 'generation60', 'generation66', 'generation77', 'generation92', 'generation93', 'generation98']"
"The most important rule for chatbot personalization is offering the option to opt out from personalization at any point because it maintains user control and comfort. For example, a travel bot suggesting destinations can become intrusive if it doesn't allow users to switch to non-personalized suggestions.","LLMGenerator(seed=7, temperature=1, model=4o, num_statements=5)","['generation19', 'generation23', 'generation38', 'generation39', 'generation4', 'generation46', 'generation5', 'generation60', 'generation66', 'generation77', 'generation92', 'generation93', 'generation98']"
"The most important rule for chatbot personalization is not storing or sharing personal data without permission because it safeguards privacy. For example, an e-commerce bot not retaining credit card details unless explicitly permitted prevents misuse and enhances customer security.","LLMGenerator(seed=7, temperature=1, model=4o, num_statements=5)","['generation19', 'generation23', 'generation38', 'generation39', 'generation4', 'generation46', 'generation5', 'generation60', 'generation66', 'generation77', 'generation92', 'generation93', 'generation98']"
"The most important rule for chatbot personalization is using representative data to avoid bias in responses because it ensures fairness and inclusivity. For example, a music recommendation bot employing diverse data sources provides varied and unbiased music choices suited to different tastes.","LLMGenerator(seed=7, temperature=1, model=4o, num_statements=5)","['generation19', 'generation23', 'generation38', 'generation39', 'generation4', 'generation46', 'generation5', 'generation60', 'generation66', 'generation77', 'generation92', 'generation93', 'generation98']"
"The most important rule for chatbot personalization is that users must explicitly opt-in to any collection and use of personal data. This respects user privacy and trust. For example, a chatbot respects a user's request to not store conversation history about sensitive topics, ensuring user control.","LLMGenerator(seed=7, temperature=1, model=4o, num_statements=5)","['generation1', 'generation10', 'generation14', 'generation15', 'generation17', 'generation24', 'generation26', 'generation32', 'generation33', 'generation42', 'generation51', 'generation55', 'generation58', 'generation6', 'generation61', 'generation64', 'generation69', 'generation7', 'generation71', 'generation73', 'generation74', 'generation75', 'generation78', 'generation79', 'generation82', 'generation88', 'generation91', 'generation97']"
"The most important rule for chatbot personalization is to offer non-personalized responses for factual queries. This maintains information accuracy and reliability. For example, a chatbot providing historical details without personal bias helps avoid misinformation and maintains trust in educational contexts.","LLMGenerator(seed=7, temperature=1, model=4o, num_statements=5)","['generation1', 'generation10', 'generation14', 'generation15', 'generation17', 'generation24', 'generation26', 'generation32', 'generation33', 'generation42', 'generation51', 'generation55', 'generation58', 'generation6', 'generation61', 'generation64', 'generation69', 'generation7', 'generation71', 'generation73', 'generation74', 'generation75', 'generation78', 'generation79', 'generation82', 'generation88', 'generation91', 'generation97']"
"The most important rule for chatbot personalization is that medical advice must not be personalized unless approved by a medical professional. This prevents harmful advice from being given. For example, a chatbot incorrectly suggesting dietary changes could harm individuals with specific health conditions.","LLMGenerator(seed=7, temperature=1, model=4o, num_statements=5)","['generation1', 'generation10', 'generation14', 'generation15', 'generation17', 'generation24', 'generation26', 'generation32', 'generation33', 'generation42', 'generation51', 'generation55', 'generation58', 'generation6', 'generation61', 'generation64', 'generation69', 'generation7', 'generation71', 'generation73', 'generation74', 'generation75', 'generation78', 'generation79', 'generation82', 'generation88', 'generation91', 'generation97']"
"The most important rule for chatbot personalization is to ensure user data is never shared with third parties without explicit consent. This protects users from data exploitation. For example, a user feels secure knowing their discussion about personal health matters won't be used for targeted ads.","LLMGenerator(seed=7, temperature=1, model=4o, num_statements=5)","['generation1', 'generation10', 'generation14', 'generation15', 'generation17', 'generation24', 'generation26', 'generation32', 'generation33', 'generation42', 'generation51', 'generation55', 'generation58', 'generation6', 'generation61', 'generation64', 'generation69', 'generation7', 'generation71', 'generation73', 'generation74', 'generation75', 'generation78', 'generation79', 'generation82', 'generation88', 'generation91', 'generation97']"
"The most important rule for chatbot personalization is to maintain user discretion over personalization settings. This empowers user choice and comfort. For instance, a user activating or deactivating bot memory of their previous preferences maintains a balance between convenience and privacy.","LLMGenerator(seed=7, temperature=1, model=4o, num_statements=5)","['generation1', 'generation10', 'generation14', 'generation15', 'generation17', 'generation24', 'generation26', 'generation32', 'generation33', 'generation42', 'generation51', 'generation55', 'generation58', 'generation6', 'generation61', 'generation64', 'generation69', 'generation7', 'generation71', 'generation73', 'generation74', 'generation75', 'generation78', 'generation79', 'generation82', 'generation88', 'generation91', 'generation97']"
"The most important rule for chatbot personalization is not collecting any identifiable user data. This ensures user privacy and protects against data leaks. For example, if a pregnant user's data isn't stored, others cannot access or misuse it.","LLMGenerator(seed=7, temperature=1, model=4o, num_statements=5)","['generation100', 'generation13', 'generation16', 'generation2', 'generation28', 'generation34', 'generation36', 'generation37', 'generation41', 'generation44', 'generation45', 'generation49', 'generation50', 'generation52', 'generation53', 'generation57', 'generation63', 'generation68', 'generation80', 'generation85', 'generation86', 'generation96']"
"The most important rule for chatbot personalization is allowing users to toggle personalization on or off. This empowers users to control their data exposure. For instance, when users choose their response style, they can ensure the chatbot aligns with their privacy preferences.","LLMGenerator(seed=7, temperature=1, model=4o, num_statements=5)","['generation100', 'generation13', 'generation16', 'generation2', 'generation28', 'generation34', 'generation36', 'generation37', 'generation41', 'generation44', 'generation45', 'generation49', 'generation50', 'generation52', 'generation53', 'generation57', 'generation63', 'generation68', 'generation80', 'generation85', 'generation86', 'generation96']"
"The most important rule for chatbot personalization is not providing medical advice. This prevents potential harm from inaccurate information. For example, chatbots can suggest seeing a doctor rather than offering medical solutions.","LLMGenerator(seed=7, temperature=1, model=4o, num_statements=5)","['generation100', 'generation13', 'generation16', 'generation2', 'generation28', 'generation34', 'generation36', 'generation37', 'generation41', 'generation44', 'generation45', 'generation49', 'generation50', 'generation52', 'generation53', 'generation57', 'generation63', 'generation68', 'generation80', 'generation85', 'generation86', 'generation96']"
"The most important rule for chatbot personalization is offering personalization based on user choice. This respects user boundaries and preferences. For instance, users should decide if they want a chatbot to remember discussions, preventing unwanted personalized replies.","LLMGenerator(seed=7, temperature=1, model=4o, num_statements=5)","['generation100', 'generation13', 'generation16', 'generation2', 'generation28', 'generation34', 'generation36', 'generation37', 'generation41', 'generation44', 'generation45', 'generation49', 'generation50', 'generation52', 'generation53', 'generation57', 'generation63', 'generation68', 'generation80', 'generation85', 'generation86', 'generation96']"
"The most important rule for chatbot personalization is ensuring chatbots cannot sell or share data. This maintains user trust and prevents data exploitation. For example, if a chatbot remembers a userâ€™s medical history, it should never be shared with advertisers.","LLMGenerator(seed=7, temperature=1, model=4o, num_statements=5)","['generation100', 'generation13', 'generation16', 'generation2', 'generation28', 'generation34', 'generation36', 'generation37', 'generation41', 'generation44', 'generation45', 'generation49', 'generation50', 'generation52', 'generation53', 'generation57', 'generation63', 'generation68', 'generation80', 'generation85', 'generation86', 'generation96']"
