user_id,"The most important rule for chatbot personalization is to always give users the choice whether the AI chatbot can remember their data or not. This rule is crucial because it respects the user's privacy and gives them control over their own data. For instance, a user might prefer a chatbot not to store any data about their past travels, thus avoiding unsolicited vacation suggestions.","The most important rule for chatbot personalization is to always prioritize user privacy and data security. This is crucial because it ensures the protection of sensitive user information, thereby building trust and promoting responsible AI use. For instance, a chatbot providing personalized health advice should only collect and use data with explicit user consent, and should implement robust measures to prevent unauthorized access or data breaches.","The most important rule for chatbot personalization is to avoid providing false or misleading information. This rule is crucial because it ensures the reliability and trustworthiness of the chatbot, which is essential for user engagement and satisfaction. For instance, if a user asks a chatbot for medical advice, providing accurate information could potentially save lives.","The most important rule for chatbot personalization is to emphasize privacy and require user consent for data collection. This rule is crucial to ensure personal security and mental health protection. For instance, a health bot providing personalized services can offer tailored care, but without proper privacy measures, it risks violating user privacy.","The most important rule for chatbot personalization is to give users control over the extent of personalization and the data supplied. This rule is crucial as it ensures user autonomy, privacy, and a personalized experience. For instance, a user could choose to share their dietary preferences with a health chatbot for tailored advice, while opting not to disclose sensitive health data.",assignments,utility
validation1,4,4,3,4,4,"The most important rule for chatbot personalization is to emphasize privacy and require user consent for data collection. This rule is crucial to ensure personal security and mental health protection. For instance, a health bot providing personalized services can offer tailored care, but without proper privacy measures, it risks violating user privacy.",4
validation2,3,2,2,3,3,"The most important rule for chatbot personalization is to give users control over the extent of personalization and the data supplied. This rule is crucial as it ensures user autonomy, privacy, and a personalized experience. For instance, a user could choose to share their dietary preferences with a health chatbot for tailored advice, while opting not to disclose sensitive health data.",3
validation3,3,4,4,4,4,"The most important rule for chatbot personalization is to always prioritize user privacy and data security. This is crucial because it ensures the protection of sensitive user information, thereby building trust and promoting responsible AI use. For instance, a chatbot providing personalized health advice should only collect and use data with explicit user consent, and should implement robust measures to prevent unauthorized access or data breaches.",4
validation4,2,4,4,4,4,"The most important rule for chatbot personalization is to avoid providing false or misleading information. This rule is crucial because it ensures the reliability and trustworthiness of the chatbot, which is essential for user engagement and satisfaction. For instance, if a user asks a chatbot for medical advice, providing accurate information could potentially save lives.",4
validation5,3,4,4,3,3,"The most important rule for chatbot personalization is to avoid providing false or misleading information. This rule is crucial because it ensures the reliability and trustworthiness of the chatbot, which is essential for user engagement and satisfaction. For instance, if a user asks a chatbot for medical advice, providing accurate information could potentially save lives.",4
validation6,3,1,0,0,3,"The most important rule for chatbot personalization is to give users control over the extent of personalization and the data supplied. This rule is crucial as it ensures user autonomy, privacy, and a personalized experience. For instance, a user could choose to share their dietary preferences with a health chatbot for tailored advice, while opting not to disclose sensitive health data.",3
validation7,2,3,2,3,3,"The most important rule for chatbot personalization is to give users control over the extent of personalization and the data supplied. This rule is crucial as it ensures user autonomy, privacy, and a personalized experience. For instance, a user could choose to share their dietary preferences with a health chatbot for tailored advice, while opting not to disclose sensitive health data.",3
validation8,3,3,1,1,2,"The most important rule for chatbot personalization is to always prioritize user privacy and data security. This is crucial because it ensures the protection of sensitive user information, thereby building trust and promoting responsible AI use. For instance, a chatbot providing personalized health advice should only collect and use data with explicit user consent, and should implement robust measures to prevent unauthorized access or data breaches.",3
validation9,2,4,2,3,4,"The most important rule for chatbot personalization is to always prioritize user privacy and data security. This is crucial because it ensures the protection of sensitive user information, thereby building trust and promoting responsible AI use. For instance, a chatbot providing personalized health advice should only collect and use data with explicit user consent, and should implement robust measures to prevent unauthorized access or data breaches.",4
validation10,1,4,2,2,2,"The most important rule for chatbot personalization is to always prioritize user privacy and data security. This is crucial because it ensures the protection of sensitive user information, thereby building trust and promoting responsible AI use. For instance, a chatbot providing personalized health advice should only collect and use data with explicit user consent, and should implement robust measures to prevent unauthorized access or data breaches.",4
validation11,3,4,2,4,2,"The most important rule for chatbot personalization is to emphasize privacy and require user consent for data collection. This rule is crucial to ensure personal security and mental health protection. For instance, a health bot providing personalized services can offer tailored care, but without proper privacy measures, it risks violating user privacy.",4
validation12,3,4,3,4,4,"The most important rule for chatbot personalization is to emphasize privacy and require user consent for data collection. This rule is crucial to ensure personal security and mental health protection. For instance, a health bot providing personalized services can offer tailored care, but without proper privacy measures, it risks violating user privacy.",4
validation13,0,0,2,0,0,"The most important rule for chatbot personalization is to avoid providing false or misleading information. This rule is crucial because it ensures the reliability and trustworthiness of the chatbot, which is essential for user engagement and satisfaction. For instance, if a user asks a chatbot for medical advice, providing accurate information could potentially save lives.",2
validation14,3,4,4,1,3,"The most important rule for chatbot personalization is to avoid providing false or misleading information. This rule is crucial because it ensures the reliability and trustworthiness of the chatbot, which is essential for user engagement and satisfaction. For instance, if a user asks a chatbot for medical advice, providing accurate information could potentially save lives.",4
validation15,4,3,3,4,4,"The most important rule for chatbot personalization is to emphasize privacy and require user consent for data collection. This rule is crucial to ensure personal security and mental health protection. For instance, a health bot providing personalized services can offer tailored care, but without proper privacy measures, it risks violating user privacy.",4
validation16,4,4,4,4,3,"The most important rule for chatbot personalization is to emphasize privacy and require user consent for data collection. This rule is crucial to ensure personal security and mental health protection. For instance, a health bot providing personalized services can offer tailored care, but without proper privacy measures, it risks violating user privacy.",4
validation17,2,2,2,1,3,"The most important rule for chatbot personalization is to give users control over the extent of personalization and the data supplied. This rule is crucial as it ensures user autonomy, privacy, and a personalized experience. For instance, a user could choose to share their dietary preferences with a health chatbot for tailored advice, while opting not to disclose sensitive health data.",3
validation18,2,2,3,1,2,"The most important rule for chatbot personalization is to avoid providing false or misleading information. This rule is crucial because it ensures the reliability and trustworthiness of the chatbot, which is essential for user engagement and satisfaction. For instance, if a user asks a chatbot for medical advice, providing accurate information could potentially save lives.",3
validation19,2,2,2,3,3,"The most important rule for chatbot personalization is to emphasize privacy and require user consent for data collection. This rule is crucial to ensure personal security and mental health protection. For instance, a health bot providing personalized services can offer tailored care, but without proper privacy measures, it risks violating user privacy.",3
validation20,0,0,0,0,0,"The most important rule for chatbot personalization is to emphasize privacy and require user consent for data collection. This rule is crucial to ensure personal security and mental health protection. For instance, a health bot providing personalized services can offer tailored care, but without proper privacy measures, it risks violating user privacy.",0
validation21,4,2,2,2,3,"The most important rule for chatbot personalization is to always give users the choice whether the AI chatbot can remember their data or not. This rule is crucial because it respects the user's privacy and gives them control over their own data. For instance, a user might prefer a chatbot not to store any data about their past travels, thus avoiding unsolicited vacation suggestions.",4
validation22,4,4,3,3,4,"The most important rule for chatbot personalization is to always prioritize user privacy and data security. This is crucial because it ensures the protection of sensitive user information, thereby building trust and promoting responsible AI use. For instance, a chatbot providing personalized health advice should only collect and use data with explicit user consent, and should implement robust measures to prevent unauthorized access or data breaches.",4
validation23,3,4,4,4,4,"The most important rule for chatbot personalization is to avoid providing false or misleading information. This rule is crucial because it ensures the reliability and trustworthiness of the chatbot, which is essential for user engagement and satisfaction. For instance, if a user asks a chatbot for medical advice, providing accurate information could potentially save lives.",4
validation24,4,3,3,3,4,"The most important rule for chatbot personalization is to always give users the choice whether the AI chatbot can remember their data or not. This rule is crucial because it respects the user's privacy and gives them control over their own data. For instance, a user might prefer a chatbot not to store any data about their past travels, thus avoiding unsolicited vacation suggestions.",4
validation25,3,4,2,4,4,"The most important rule for chatbot personalization is to emphasize privacy and require user consent for data collection. This rule is crucial to ensure personal security and mental health protection. For instance, a health bot providing personalized services can offer tailored care, but without proper privacy measures, it risks violating user privacy.",4
validation26,2,3,2,3,3,"The most important rule for chatbot personalization is to emphasize privacy and require user consent for data collection. This rule is crucial to ensure personal security and mental health protection. For instance, a health bot providing personalized services can offer tailored care, but without proper privacy measures, it risks violating user privacy.",3
validation27,3,4,2,4,4,"The most important rule for chatbot personalization is to emphasize privacy and require user consent for data collection. This rule is crucial to ensure personal security and mental health protection. For instance, a health bot providing personalized services can offer tailored care, but without proper privacy measures, it risks violating user privacy.",4
validation28,1,4,3,3,4,"The most important rule for chatbot personalization is to always prioritize user privacy and data security. This is crucial because it ensures the protection of sensitive user information, thereby building trust and promoting responsible AI use. For instance, a chatbot providing personalized health advice should only collect and use data with explicit user consent, and should implement robust measures to prevent unauthorized access or data breaches.",4
validation29,3,4,4,3,3,"The most important rule for chatbot personalization is to always prioritize user privacy and data security. This is crucial because it ensures the protection of sensitive user information, thereby building trust and promoting responsible AI use. For instance, a chatbot providing personalized health advice should only collect and use data with explicit user consent, and should implement robust measures to prevent unauthorized access or data breaches.",4
validation30,4,3,4,2,4,"The most important rule for chatbot personalization is to give users control over the extent of personalization and the data supplied. This rule is crucial as it ensures user autonomy, privacy, and a personalized experience. For instance, a user could choose to share their dietary preferences with a health chatbot for tailored advice, while opting not to disclose sensitive health data.",4
validation31,4,3,1,3,3,"The most important rule for chatbot personalization is to always give users the choice whether the AI chatbot can remember their data or not. This rule is crucial because it respects the user's privacy and gives them control over their own data. For instance, a user might prefer a chatbot not to store any data about their past travels, thus avoiding unsolicited vacation suggestions.",4
validation32,3,2,3,3,2,"The most important rule for chatbot personalization is to emphasize privacy and require user consent for data collection. This rule is crucial to ensure personal security and mental health protection. For instance, a health bot providing personalized services can offer tailored care, but without proper privacy measures, it risks violating user privacy.",3
validation33,4,3,3,3,3,"The most important rule for chatbot personalization is to always give users the choice whether the AI chatbot can remember their data or not. This rule is crucial because it respects the user's privacy and gives them control over their own data. For instance, a user might prefer a chatbot not to store any data about their past travels, thus avoiding unsolicited vacation suggestions.",4
validation34,3,4,4,3,4,"The most important rule for chatbot personalization is to always prioritize user privacy and data security. This is crucial because it ensures the protection of sensitive user information, thereby building trust and promoting responsible AI use. For instance, a chatbot providing personalized health advice should only collect and use data with explicit user consent, and should implement robust measures to prevent unauthorized access or data breaches.",4
validation35,3,0,0,2,3,"The most important rule for chatbot personalization is to give users control over the extent of personalization and the data supplied. This rule is crucial as it ensures user autonomy, privacy, and a personalized experience. For instance, a user could choose to share their dietary preferences with a health chatbot for tailored advice, while opting not to disclose sensitive health data.",3
validation36,4,4,4,4,4,"The most important rule for chatbot personalization is to emphasize privacy and require user consent for data collection. This rule is crucial to ensure personal security and mental health protection. For instance, a health bot providing personalized services can offer tailored care, but without proper privacy measures, it risks violating user privacy.",4
validation37,3,3,3,4,2,"The most important rule for chatbot personalization is to emphasize privacy and require user consent for data collection. This rule is crucial to ensure personal security and mental health protection. For instance, a health bot providing personalized services can offer tailored care, but without proper privacy measures, it risks violating user privacy.",4
validation38,4,3,4,3,4,"The most important rule for chatbot personalization is to avoid providing false or misleading information. This rule is crucial because it ensures the reliability and trustworthiness of the chatbot, which is essential for user engagement and satisfaction. For instance, if a user asks a chatbot for medical advice, providing accurate information could potentially save lives.",4
validation39,2,2,2,2,2,"The most important rule for chatbot personalization is to give users control over the extent of personalization and the data supplied. This rule is crucial as it ensures user autonomy, privacy, and a personalized experience. For instance, a user could choose to share their dietary preferences with a health chatbot for tailored advice, while opting not to disclose sensitive health data.",2
validation40,3,3,2,3,4,"The most important rule for chatbot personalization is to give users control over the extent of personalization and the data supplied. This rule is crucial as it ensures user autonomy, privacy, and a personalized experience. For instance, a user could choose to share their dietary preferences with a health chatbot for tailored advice, while opting not to disclose sensitive health data.",4
validation41,3,4,3,3,4,"The most important rule for chatbot personalization is to give users control over the extent of personalization and the data supplied. This rule is crucial as it ensures user autonomy, privacy, and a personalized experience. For instance, a user could choose to share their dietary preferences with a health chatbot for tailored advice, while opting not to disclose sensitive health data.",4
validation42,4,3,4,3,2,"The most important rule for chatbot personalization is to avoid providing false or misleading information. This rule is crucial because it ensures the reliability and trustworthiness of the chatbot, which is essential for user engagement and satisfaction. For instance, if a user asks a chatbot for medical advice, providing accurate information could potentially save lives.",4
validation43,4,4,3,4,3,"The most important rule for chatbot personalization is to always give users the choice whether the AI chatbot can remember their data or not. This rule is crucial because it respects the user's privacy and gives them control over their own data. For instance, a user might prefer a chatbot not to store any data about their past travels, thus avoiding unsolicited vacation suggestions.",4
validation44,4,4,4,4,4,"The most important rule for chatbot personalization is to avoid providing false or misleading information. This rule is crucial because it ensures the reliability and trustworthiness of the chatbot, which is essential for user engagement and satisfaction. For instance, if a user asks a chatbot for medical advice, providing accurate information could potentially save lives.",4
validation45,3,3,3,3,3,"The most important rule for chatbot personalization is to always give users the choice whether the AI chatbot can remember their data or not. This rule is crucial because it respects the user's privacy and gives them control over their own data. For instance, a user might prefer a chatbot not to store any data about their past travels, thus avoiding unsolicited vacation suggestions.",3
validation46,3,4,4,3,3,"The most important rule for chatbot personalization is to always prioritize user privacy and data security. This is crucial because it ensures the protection of sensitive user information, thereby building trust and promoting responsible AI use. For instance, a chatbot providing personalized health advice should only collect and use data with explicit user consent, and should implement robust measures to prevent unauthorized access or data breaches.",4
validation47,3,4,2,3,4,"The most important rule for chatbot personalization is to always prioritize user privacy and data security. This is crucial because it ensures the protection of sensitive user information, thereby building trust and promoting responsible AI use. For instance, a chatbot providing personalized health advice should only collect and use data with explicit user consent, and should implement robust measures to prevent unauthorized access or data breaches.",4
validation48,3,4,2,2,2,"The most important rule for chatbot personalization is to always prioritize user privacy and data security. This is crucial because it ensures the protection of sensitive user information, thereby building trust and promoting responsible AI use. For instance, a chatbot providing personalized health advice should only collect and use data with explicit user consent, and should implement robust measures to prevent unauthorized access or data breaches.",4
validation49,4,4,3,3,2,"The most important rule for chatbot personalization is to always give users the choice whether the AI chatbot can remember their data or not. This rule is crucial because it respects the user's privacy and gives them control over their own data. For instance, a user might prefer a chatbot not to store any data about their past travels, thus avoiding unsolicited vacation suggestions.",4
validation50,3,4,3,4,3,"The most important rule for chatbot personalization is to emphasize privacy and require user consent for data collection. This rule is crucial to ensure personal security and mental health protection. For instance, a health bot providing personalized services can offer tailored care, but without proper privacy measures, it risks violating user privacy.",4
validation51,4,4,2,4,2,"The most important rule for chatbot personalization is to always give users the choice whether the AI chatbot can remember their data or not. This rule is crucial because it respects the user's privacy and gives them control over their own data. For instance, a user might prefer a chatbot not to store any data about their past travels, thus avoiding unsolicited vacation suggestions.",4
validation52,4,2,2,3,3,"The most important rule for chatbot personalization is to always give users the choice whether the AI chatbot can remember their data or not. This rule is crucial because it respects the user's privacy and gives them control over their own data. For instance, a user might prefer a chatbot not to store any data about their past travels, thus avoiding unsolicited vacation suggestions.",4
validation53,4,3,4,2,4,"The most important rule for chatbot personalization is to give users control over the extent of personalization and the data supplied. This rule is crucial as it ensures user autonomy, privacy, and a personalized experience. For instance, a user could choose to share their dietary preferences with a health chatbot for tailored advice, while opting not to disclose sensitive health data.",4
validation54,2,4,2,3,4,"The most important rule for chatbot personalization is to give users control over the extent of personalization and the data supplied. This rule is crucial as it ensures user autonomy, privacy, and a personalized experience. For instance, a user could choose to share their dietary preferences with a health chatbot for tailored advice, while opting not to disclose sensitive health data.",4
validation55,0,4,4,4,1,"The most important rule for chatbot personalization is to avoid providing false or misleading information. This rule is crucial because it ensures the reliability and trustworthiness of the chatbot, which is essential for user engagement and satisfaction. For instance, if a user asks a chatbot for medical advice, providing accurate information could potentially save lives.",4
validation56,3,4,4,4,3,"The most important rule for chatbot personalization is to emphasize privacy and require user consent for data collection. This rule is crucial to ensure personal security and mental health protection. For instance, a health bot providing personalized services can offer tailored care, but without proper privacy measures, it risks violating user privacy.",4
validation57,4,4,4,4,4,"The most important rule for chatbot personalization is to always give users the choice whether the AI chatbot can remember their data or not. This rule is crucial because it respects the user's privacy and gives them control over their own data. For instance, a user might prefer a chatbot not to store any data about their past travels, thus avoiding unsolicited vacation suggestions.",4
validation58,3,3,2,3,3,"The most important rule for chatbot personalization is to always prioritize user privacy and data security. This is crucial because it ensures the protection of sensitive user information, thereby building trust and promoting responsible AI use. For instance, a chatbot providing personalized health advice should only collect and use data with explicit user consent, and should implement robust measures to prevent unauthorized access or data breaches.",3
validation59,2,3,4,3,2,"The most important rule for chatbot personalization is to avoid providing false or misleading information. This rule is crucial because it ensures the reliability and trustworthiness of the chatbot, which is essential for user engagement and satisfaction. For instance, if a user asks a chatbot for medical advice, providing accurate information could potentially save lives.",4
validation60,3,4,3,4,3,"The most important rule for chatbot personalization is to emphasize privacy and require user consent for data collection. This rule is crucial to ensure personal security and mental health protection. For instance, a health bot providing personalized services can offer tailored care, but without proper privacy measures, it risks violating user privacy.",4
validation61,4,3,4,4,4,"The most important rule for chatbot personalization is to give users control over the extent of personalization and the data supplied. This rule is crucial as it ensures user autonomy, privacy, and a personalized experience. For instance, a user could choose to share their dietary preferences with a health chatbot for tailored advice, while opting not to disclose sensitive health data.",4
validation62,2,4,3,2,4,"The most important rule for chatbot personalization is to give users control over the extent of personalization and the data supplied. This rule is crucial as it ensures user autonomy, privacy, and a personalized experience. For instance, a user could choose to share their dietary preferences with a health chatbot for tailored advice, while opting not to disclose sensitive health data.",4
validation63,3,3,3,2,3,"The most important rule for chatbot personalization is to always prioritize user privacy and data security. This is crucial because it ensures the protection of sensitive user information, thereby building trust and promoting responsible AI use. For instance, a chatbot providing personalized health advice should only collect and use data with explicit user consent, and should implement robust measures to prevent unauthorized access or data breaches.",3
validation64,2,1,1,2,1,"The most important rule for chatbot personalization is to always give users the choice whether the AI chatbot can remember their data or not. This rule is crucial because it respects the user's privacy and gives them control over their own data. For instance, a user might prefer a chatbot not to store any data about their past travels, thus avoiding unsolicited vacation suggestions.",2
validation65,4,4,2,4,3,"The most important rule for chatbot personalization is to always give users the choice whether the AI chatbot can remember their data or not. This rule is crucial because it respects the user's privacy and gives them control over their own data. For instance, a user might prefer a chatbot not to store any data about their past travels, thus avoiding unsolicited vacation suggestions.",4
validation66,2,2,2,2,1,"The most important rule for chatbot personalization is to always prioritize user privacy and data security. This is crucial because it ensures the protection of sensitive user information, thereby building trust and promoting responsible AI use. For instance, a chatbot providing personalized health advice should only collect and use data with explicit user consent, and should implement robust measures to prevent unauthorized access or data breaches.",2
validation67,4,4,4,4,4,"The most important rule for chatbot personalization is to avoid providing false or misleading information. This rule is crucial because it ensures the reliability and trustworthiness of the chatbot, which is essential for user engagement and satisfaction. For instance, if a user asks a chatbot for medical advice, providing accurate information could potentially save lives.",4
validation68,2,3,2,2,2,"The most important rule for chatbot personalization is to always prioritize user privacy and data security. This is crucial because it ensures the protection of sensitive user information, thereby building trust and promoting responsible AI use. For instance, a chatbot providing personalized health advice should only collect and use data with explicit user consent, and should implement robust measures to prevent unauthorized access or data breaches.",3
validation69,2,3,4,4,3,"The most important rule for chatbot personalization is to avoid providing false or misleading information. This rule is crucial because it ensures the reliability and trustworthiness of the chatbot, which is essential for user engagement and satisfaction. For instance, if a user asks a chatbot for medical advice, providing accurate information could potentially save lives.",4
validation70,4,4,4,4,4,"The most important rule for chatbot personalization is to always give users the choice whether the AI chatbot can remember their data or not. This rule is crucial because it respects the user's privacy and gives them control over their own data. For instance, a user might prefer a chatbot not to store any data about their past travels, thus avoiding unsolicited vacation suggestions.",4
validation71,3,4,4,4,4,"The most important rule for chatbot personalization is to give users control over the extent of personalization and the data supplied. This rule is crucial as it ensures user autonomy, privacy, and a personalized experience. For instance, a user could choose to share their dietary preferences with a health chatbot for tailored advice, while opting not to disclose sensitive health data.",4
validation72,4,3,2,4,4,"The most important rule for chatbot personalization is to always give users the choice whether the AI chatbot can remember their data or not. This rule is crucial because it respects the user's privacy and gives them control over their own data. For instance, a user might prefer a chatbot not to store any data about their past travels, thus avoiding unsolicited vacation suggestions.",4
validation73,1,1,2,1,2,"The most important rule for chatbot personalization is to avoid providing false or misleading information. This rule is crucial because it ensures the reliability and trustworthiness of the chatbot, which is essential for user engagement and satisfaction. For instance, if a user asks a chatbot for medical advice, providing accurate information could potentially save lives.",2
validation74,3,2,2,2,2,"The most important rule for chatbot personalization is to always give users the choice whether the AI chatbot can remember their data or not. This rule is crucial because it respects the user's privacy and gives them control over their own data. For instance, a user might prefer a chatbot not to store any data about their past travels, thus avoiding unsolicited vacation suggestions.",3
validation75,4,4,4,4,2,"The most important rule for chatbot personalization is to always give users the choice whether the AI chatbot can remember their data or not. This rule is crucial because it respects the user's privacy and gives them control over their own data. For instance, a user might prefer a chatbot not to store any data about their past travels, thus avoiding unsolicited vacation suggestions.",4
validation76,3,3,1,2,1,"The most important rule for chatbot personalization is to always prioritize user privacy and data security. This is crucial because it ensures the protection of sensitive user information, thereby building trust and promoting responsible AI use. For instance, a chatbot providing personalized health advice should only collect and use data with explicit user consent, and should implement robust measures to prevent unauthorized access or data breaches.",3
validation77,3,4,3,3,3,"The most important rule for chatbot personalization is to always prioritize user privacy and data security. This is crucial because it ensures the protection of sensitive user information, thereby building trust and promoting responsible AI use. For instance, a chatbot providing personalized health advice should only collect and use data with explicit user consent, and should implement robust measures to prevent unauthorized access or data breaches.",4
validation78,4,3,3,3,3,"The most important rule for chatbot personalization is to always give users the choice whether the AI chatbot can remember their data or not. This rule is crucial because it respects the user's privacy and gives them control over their own data. For instance, a user might prefer a chatbot not to store any data about their past travels, thus avoiding unsolicited vacation suggestions.",4
validation79,4,4,4,4,4,"The most important rule for chatbot personalization is to avoid providing false or misleading information. This rule is crucial because it ensures the reliability and trustworthiness of the chatbot, which is essential for user engagement and satisfaction. For instance, if a user asks a chatbot for medical advice, providing accurate information could potentially save lives.",4
validation80,3,4,3,4,2,"The most important rule for chatbot personalization is to emphasize privacy and require user consent for data collection. This rule is crucial to ensure personal security and mental health protection. For instance, a health bot providing personalized services can offer tailored care, but without proper privacy measures, it risks violating user privacy.",4
validation81,3,4,3,3,4,"The most important rule for chatbot personalization is to give users control over the extent of personalization and the data supplied. This rule is crucial as it ensures user autonomy, privacy, and a personalized experience. For instance, a user could choose to share their dietary preferences with a health chatbot for tailored advice, while opting not to disclose sensitive health data.",4
validation82,4,4,3,4,4,"The most important rule for chatbot personalization is to always prioritize user privacy and data security. This is crucial because it ensures the protection of sensitive user information, thereby building trust and promoting responsible AI use. For instance, a chatbot providing personalized health advice should only collect and use data with explicit user consent, and should implement robust measures to prevent unauthorized access or data breaches.",4
validation83,0,0,2,1,1,"The most important rule for chatbot personalization is to avoid providing false or misleading information. This rule is crucial because it ensures the reliability and trustworthiness of the chatbot, which is essential for user engagement and satisfaction. For instance, if a user asks a chatbot for medical advice, providing accurate information could potentially save lives.",2
validation84,4,4,2,4,3,"The most important rule for chatbot personalization is to always prioritize user privacy and data security. This is crucial because it ensures the protection of sensitive user information, thereby building trust and promoting responsible AI use. For instance, a chatbot providing personalized health advice should only collect and use data with explicit user consent, and should implement robust measures to prevent unauthorized access or data breaches.",4
validation85,3,3,4,4,4,"The most important rule for chatbot personalization is to emphasize privacy and require user consent for data collection. This rule is crucial to ensure personal security and mental health protection. For instance, a health bot providing personalized services can offer tailored care, but without proper privacy measures, it risks violating user privacy.",4
validation86,4,2,4,2,4,"The most important rule for chatbot personalization is to avoid providing false or misleading information. This rule is crucial because it ensures the reliability and trustworthiness of the chatbot, which is essential for user engagement and satisfaction. For instance, if a user asks a chatbot for medical advice, providing accurate information could potentially save lives.",4
validation87,2,3,4,3,3,"The most important rule for chatbot personalization is to avoid providing false or misleading information. This rule is crucial because it ensures the reliability and trustworthiness of the chatbot, which is essential for user engagement and satisfaction. For instance, if a user asks a chatbot for medical advice, providing accurate information could potentially save lives.",4
validation88,2,1,2,3,2,"The most important rule for chatbot personalization is to emphasize privacy and require user consent for data collection. This rule is crucial to ensure personal security and mental health protection. For instance, a health bot providing personalized services can offer tailored care, but without proper privacy measures, it risks violating user privacy.",3
validation89,3,3,3,4,3,"The most important rule for chatbot personalization is to emphasize privacy and require user consent for data collection. This rule is crucial to ensure personal security and mental health protection. For instance, a health bot providing personalized services can offer tailored care, but without proper privacy measures, it risks violating user privacy.",4
validation90,3,3,2,3,3,"The most important rule for chatbot personalization is to give users control over the extent of personalization and the data supplied. This rule is crucial as it ensures user autonomy, privacy, and a personalized experience. For instance, a user could choose to share their dietary preferences with a health chatbot for tailored advice, while opting not to disclose sensitive health data.",3
validation91,3,3,2,2,4,"The most important rule for chatbot personalization is to give users control over the extent of personalization and the data supplied. This rule is crucial as it ensures user autonomy, privacy, and a personalized experience. For instance, a user could choose to share their dietary preferences with a health chatbot for tailored advice, while opting not to disclose sensitive health data.",4
validation92,4,4,4,4,4,"The most important rule for chatbot personalization is to give users control over the extent of personalization and the data supplied. This rule is crucial as it ensures user autonomy, privacy, and a personalized experience. For instance, a user could choose to share their dietary preferences with a health chatbot for tailored advice, while opting not to disclose sensitive health data.",4
validation93,3,3,4,2,2,"The most important rule for chatbot personalization is to avoid providing false or misleading information. This rule is crucial because it ensures the reliability and trustworthiness of the chatbot, which is essential for user engagement and satisfaction. For instance, if a user asks a chatbot for medical advice, providing accurate information could potentially save lives.",4
validation94,2,2,3,2,4,"The most important rule for chatbot personalization is to give users control over the extent of personalization and the data supplied. This rule is crucial as it ensures user autonomy, privacy, and a personalized experience. For instance, a user could choose to share their dietary preferences with a health chatbot for tailored advice, while opting not to disclose sensitive health data.",4
validation95,3,4,4,2,2,"The most important rule for chatbot personalization is to always prioritize user privacy and data security. This is crucial because it ensures the protection of sensitive user information, thereby building trust and promoting responsible AI use. For instance, a chatbot providing personalized health advice should only collect and use data with explicit user consent, and should implement robust measures to prevent unauthorized access or data breaches.",4
validation96,4,4,4,2,3,"The most important rule for chatbot personalization is to always give users the choice whether the AI chatbot can remember their data or not. This rule is crucial because it respects the user's privacy and gives them control over their own data. For instance, a user might prefer a chatbot not to store any data about their past travels, thus avoiding unsolicited vacation suggestions.",4
validation97,4,3,3,1,3,"The most important rule for chatbot personalization is to always give users the choice whether the AI chatbot can remember their data or not. This rule is crucial because it respects the user's privacy and gives them control over their own data. For instance, a user might prefer a chatbot not to store any data about their past travels, thus avoiding unsolicited vacation suggestions.",4
validation98,3,4,4,4,2,"The most important rule for chatbot personalization is to avoid providing false or misleading information. This rule is crucial because it ensures the reliability and trustworthiness of the chatbot, which is essential for user engagement and satisfaction. For instance, if a user asks a chatbot for medical advice, providing accurate information could potentially save lives.",4
validation99,4,2,1,3,2,"The most important rule for chatbot personalization is to always give users the choice whether the AI chatbot can remember their data or not. This rule is crucial because it respects the user's privacy and gives them control over their own data. For instance, a user might prefer a chatbot not to store any data about their past travels, thus avoiding unsolicited vacation suggestions.",4
validation100,3,4,3,4,4,"The most important rule for chatbot personalization is to give users control over the extent of personalization and the data supplied. This rule is crucial as it ensures user autonomy, privacy, and a personalized experience. For instance, a user could choose to share their dietary preferences with a health chatbot for tailored advice, while opting not to disclose sensitive health data.",4
